<?xml version="1.0" encoding="UTF-8"?>
<project-private xmlns="http://www.netbeans.org/ns/project-private/1">
    <editor-bookmarks xmlns="http://www.netbeans.org/ns/editor-bookmarks/2" lastBookmarkId="0"/>
    <open-files xmlns="http://www.netbeans.org/ns/projectui-open-files/2">
        <group>
            <file>file:/C:/Users/joseph%20chek/Documents/NetBeansProjects/Gestion_Convo/src/gestion_convo/affecter.java</file>
            <file>file:/C:/Users/joseph%20chek/Documents/NetBeansProjects/Gestion_Convo/src/gestion_convo/MATIERE.java</file>
            <file>file:/C:/Users/joseph%20chek/Documents/NetBeansProjects/Gestion_Convo/src/gestion_convo/Gestion_Convo.java</file>
            <file>file:/C:/Users/joseph%20chek/Documents/NetBeansProjects/Gestion_Convo/src/gestion_convo/Convo.java</file>
            <file>file:/C:/Users/joseph%20chek/Documents/NetBeansProjects/Gestion_Convo/src/gestion_convo/Administrateur.java</file>
            <file>file:/C:/Users/joseph%20chek/Documents/NetBeansProjects/Gestion_Convo/src/gestion_convo/Menuform.java</file>
            <file>file:/C:/Users/joseph%20chek/Documents/NetBeansProjects/Gestion_Convo/src/gestion_convo/ENSEIGNANTS.java</file>
            <file>file:/C:/Users/joseph%20chek/Documents/NetBeansProjects/Gestion_Convo/src/gestion_convo/salle.java</file>
        </group>
    </open-files>
</project-private>
